{"cameraMode":{"drawMode":0,"name":"Shaded","section":"Shading Mode"},"sceneLighting":true,"audioPlay":false,"sceneViewState":{"showFog":true,"showMaterialUpdate":false,"showSkybox":true,"showFlares":true,"showImageEffects":true,"showParticleSystems":true},"in2DMode":false,"pivot":{"x":-2.037950038909912,"y":3.0328099727630617,"z":-5.411413669586182},"rotation":{"x":-0.01112544909119606,"y":0.9888545274734497,"z":-0.10902449488639832,"w":-0.10091482102870941},"size":43.59666061401367,"orthographic":false}