{"cameraMode":{"drawMode":0,"name":"Shaded","section":"Shading Mode"},"sceneLighting":false,"audioPlay":false,"sceneViewState":{"showFog":true,"showMaterialUpdate":true,"showSkybox":true,"showFlares":true,"showImageEffects":true,"showParticleSystems":true},"in2DMode":false,"pivot":{"x":-1.3159162998199463,"y":-1.2973607778549195,"z":1.1678136587142945},"rotation":{"x":0.2504650056362152,"y":-0.3635096251964569,"z":0.10213238000869751,"w":0.8914578557014465},"size":2.8578836917877199,"orthographic":false}