{"cameraMode":{"drawMode":0,"name":"Shaded","section":"Shading Mode"},"sceneLighting":false,"audioPlay":false,"sceneViewState":{"showFog":true,"showMaterialUpdate":true,"showSkybox":true,"showFlares":true,"showImageEffects":true,"showParticleSystems":true},"in2DMode":false,"pivot":{"x":61.86528778076172,"y":-4.015742301940918,"z":-58.13547897338867},"rotation":{"x":-0.08826815336942673,"y":-0.9080371260643005,"z":0.24340492486953736,"w":-0.3292892873287201},"size":16.094486236572267,"orthographic":false}