{"cameraMode":{"drawMode":0,"name":"Shaded","section":"Shading Mode"},"sceneLighting":false,"audioPlay":false,"sceneViewState":{"showFog":true,"showMaterialUpdate":true,"showSkybox":true,"showFlares":true,"showImageEffects":true,"showParticleSystems":true},"in2DMode":false,"pivot":{"x":0.15709614753723145,"y":0.11430761963129044,"z":-0.10990124195814133},"rotation":{"x":-0.22433437407016755,"y":0.4951518476009369,"z":-0.1340600699186325,"w":-0.8285691142082214},"size":0.001428942196071148,"orthographic":false}