{"cameraMode":{"drawMode":0,"name":"Shaded","section":"Shading Mode"},"sceneLighting":true,"audioPlay":false,"sceneViewState":{"showFog":true,"showMaterialUpdate":true,"showSkybox":true,"showFlares":true,"showImageEffects":true,"showParticleSystems":true},"in2DMode":false,"pivot":{"x":-38.6687126159668,"y":-0.43038415908813479,"z":-7.570958137512207},"rotation":{"x":0.2980562448501587,"y":0.4733085334300995,"z":-0.1740664839744568,"w":0.8104581236839294},"size":6.968842506408691,"orthographic":false}