{"cameraMode":{"drawMode":0,"name":"Shaded","section":"Shading Mode"},"sceneLighting":false,"audioPlay":false,"sceneViewState":{"showFog":true,"showMaterialUpdate":true,"showSkybox":true,"showFlares":true,"showImageEffects":true,"showParticleSystems":true},"in2DMode":false,"pivot":{"x":-0.19947423040866853,"y":-0.0939270630478859,"z":0.6225155591964722},"rotation":{"x":0.23479506373405457,"y":0.41392314434051516,"z":-0.1113986149430275,"w":0.872427225112915},"size":3.477022409439087,"orthographic":false}