{"cameraMode":{"drawMode":0,"name":"Shaded","section":"Shading Mode"},"sceneLighting":false,"audioPlay":false,"sceneViewState":{"showFog":true,"showMaterialUpdate":true,"showSkybox":true,"showFlares":true,"showImageEffects":true,"showParticleSystems":true},"in2DMode":false,"pivot":{"x":-3.4600000381469728,"y":2.1299962997436525,"z":5.699999809265137},"rotation":{"x":-0.4380732476711273,"y":0.3043515980243683,"z":-0.16054365038871766,"w":-0.830474317073822},"size":23.464921951293947,"orthographic":false}