{"cameraMode":{"drawMode":0,"name":"Shaded","section":"Shading Mode"},"sceneLighting":false,"audioPlay":false,"sceneViewState":{"showFog":true,"showMaterialUpdate":true,"showSkybox":true,"showFlares":true,"showImageEffects":true,"showParticleSystems":true},"in2DMode":false,"pivot":{"x":0.4487127363681793,"y":0.35338830947875979,"z":0.918307900428772},"rotation":{"x":-0.03535550460219383,"y":0.045734554529190066,"z":-0.001619761111214757,"w":-0.9983264803886414},"size":0.17973631620407105,"orthographic":false}