{"cameraMode":{"drawMode":0,"name":"Shaded","section":"Shading Mode"},"sceneLighting":false,"audioPlay":false,"sceneViewState":{"showFog":true,"showMaterialUpdate":true,"showSkybox":true,"showFlares":true,"showImageEffects":true,"showParticleSystems":true},"in2DMode":false,"pivot":{"x":-1.3202238082885743,"y":0.8256949186325073,"z":0.0},"rotation":{"x":-0.25719213485717776,"y":-0.044825222343206409,"z":0.01194467768073082,"w":-0.9652462601661682},"size":4.746870040893555,"orthographic":false}