{"cameraMode":{"drawMode":0,"name":"Shaded","section":"Shading Mode"},"sceneLighting":false,"audioPlay":false,"sceneViewState":{"showFog":true,"showMaterialUpdate":true,"showSkybox":true,"showFlares":true,"showImageEffects":true,"showParticleSystems":true},"in2DMode":false,"pivot":{"x":12.064275741577149,"y":-7.558526039123535,"z":-15.374650955200196},"rotation":{"x":-0.06198564171791077,"y":-0.9285452961921692,"z":0.1808948516845703,"w":-0.3181798756122589},"size":22.0,"orthographic":false}