{"cameraMode":{"drawMode":0,"name":"Shaded","section":"Shading Mode"},"sceneLighting":false,"audioPlay":false,"sceneViewState":{"showFog":true,"showMaterialUpdate":true,"showSkybox":true,"showFlares":true,"showImageEffects":true,"showParticleSystems":true},"in2DMode":false,"pivot":{"x":0.03523245081305504,"y":0.1117529422044754,"z":0.1577221155166626},"rotation":{"x":0.010667549446225167,"y":0.8879486322402954,"z":-0.4593563675880432,"w":0.020620690658688546},"size":0.30071449279785159,"orthographic":false}