{"cameraMode":{"drawMode":0,"name":"Shaded","section":"Shading Mode"},"sceneLighting":false,"audioPlay":false,"sceneViewState":{"showFog":true,"showMaterialUpdate":true,"showSkybox":true,"showFlares":true,"showImageEffects":true,"showParticleSystems":true},"in2DMode":false,"pivot":{"x":-0.14395543932914735,"y":0.057101987302303317,"z":-0.014642048627138138},"rotation":{"x":-0.2373637706041336,"y":-0.6620380878448486,"z":0.2341117262840271,"w":-0.6712345480918884},"size":0.10104148834943772,"orthographic":false}