{"cameraMode":{"drawMode":0,"name":"Shaded","section":"Shading Mode"},"sceneLighting":false,"audioPlay":false,"sceneViewState":{"showFog":true,"showMaterialUpdate":true,"showSkybox":true,"showFlares":true,"showImageEffects":true,"showParticleSystems":true},"in2DMode":false,"pivot":{"x":-2.099776268005371,"y":1.0156948566436768,"z":-7.600000381469727},"rotation":{"x":0.5008273124694824,"y":0.4424606263637543,"z":-0.33315977454185488,"w":0.6651355028152466},"size":4.769299507141113,"orthographic":false}