{"cameraMode":{"drawMode":0,"name":"Shaded","section":"Shading Mode"},"sceneLighting":false,"audioPlay":false,"sceneViewState":{"showFog":true,"showMaterialUpdate":true,"showSkybox":true,"showFlares":true,"showImageEffects":true,"showParticleSystems":true},"in2DMode":false,"pivot":{"x":0.21800994873046876,"y":-0.22044754028320313,"z":0.6496618986129761},"rotation":{"x":-0.118720144033432,"y":0.8311274647712708,"z":-0.19452328979969026,"w":-0.5072410106658936},"size":0.03346361219882965,"orthographic":false}